{
  "title": "Contato",
  "meta_title": "Contato",
  "meta_description": "Contato",
  "body": "falecom@bahcosmeticos.com.br",
  "sections": [
    {
      "type": "page-title"
    },
    {
      "type": "extra-page",
      "enabled": true
    },
    {
      "type": "custom-html",
      "html": "<div class=\"row\"><form class=\"apx_form col-md-6\">\n  <input type=\"hidden\" name=\"subject\" value=\"Formulário de Contato\" /> <div class=\"row\">\n    <div class=\"col-12\">\n      <label for=\"\">Nome</label>\n      <input type=\"text\" name=\"nome\" required/>\n    </div>\n  </div>\n  <div class=\"row\">\n    <div class=\"col-12\">\n      <label for=\"\">E-mail</label>\n      <input type=\"email\" name=\"email\" required/>\n    </div>\n  </div>\n  <div class=\"row\">\n    <div class=\"col-12 col-md-4\">\n      <label for=\"\">Telefone</label>\n      <input type=\"tel\" name=\"telefone\" required/>\n    </div>\n    <div class=\"col-12 col-md-4\">\n      <label for=\"\">Cidade</label>\n      <input type=\"text\" name=\"cidade\" required/>\n    </div>\n    <div class=\"col-12 col-md-4\">\n      <label for=\"\">Estado</label>\n      <input type=\"text\" name=\"estado\" required/>\n    </div>\n  </div>\n  <div class=\"row\">\n    <div class=\"col-12\">\n      <label for=\"\">Mensagem</label>\n      <textarea name=\"nome\" required rows=\"4\"></textarea>\n    </div>\n  </div>\n  <div class=\"row\">\n    <div class=\"col-12\">\n      <button type=\"submit\">Enviar</button>\n    </div>\n  </div>\n</form></div>"
    }
  ]
}