{
  "meta_title": "Bah! Cosméticos",
  "meta_description": "",
  "sections": [
    {
      "type": "responsive-banner",
      "img": "/img/uploads/fullbanner_.png"
    },
    {
      "type": "custom-html",
      "html": "[alpix]iconbar[/alpix]"
    },
    {
      "type": "collection-shelf",
      "shuffle": false,
      "limit": 3,
      "page": 1,
      "sort": "sales",
      "title": "Bah! Cheinha de [b]novidades[/b][small]Veja a seleção de produtos incríveis que separamos para você![/small]",
      "collection_id": "6050ad92a735d032cbbc6aba:categories:Boca:/boca"
    },
    {
      "type": "brands-carousel",
      "limit": 24,
      "offset": 0,
      "autoplay": 4000
    },
    {
      "type": "responsive-banner",
      "img": "/img/uploads/banner_outlet.png"
    },
    {
      "type": "collection-shelf",
      "shuffle": false,
      "limit": 12,
      "page": 1,
      "title": "Os queridinhos do [b]momento[/b][small]Trouxemos todos os produtos must have para você arrasar para valer![/small]"
    },
    {
      "type": "custom-html",
      "html": "[alpix]testimonials[/alpix]"
    },
    {
      "type": "custom-html",
      "html": "[alpix]instagram[/alpix]"
    }
  ]
}