{
  "list": [
    {
      "icon": "/img/uploads/make.png",
      "title": "Variedade de produtinhos",
      "text": "incríveis esperando por você!"
    },
    {
      "title": "Frete grátis ",
      "text": "em compras acima de R$159,99",
      "icon": "/img/uploads/caixa.png"
    },
    {
      "title": "Descontos exclusivos",
      "text": "no Outlet da Bah! Cosméticos",
      "icon": "/img/uploads/tag.png"
    },
    {
      "title": "Envio para todo Brasil",
      "text": "só escolher que vai até ai!",
      "icon": "/img/uploads/aviao.png"
    }
  ],
  "stripe_color": "#4e2c76",
  "text_color": "#ffffff",
  "container": "Caixa"
}